{
	"class_name" : "PinholeCameraParameters",
	"extrinsic" : 
	[
		0.15063980314779771,
		0.93088578267385524,
		-0.33280521228381749,
		0.0,
		-0.93800596113845658,
		0.028283891102066826,
		-0.34546322289477788,
		0.0,
		-0.31217377624700204,
		0.36421378491184331,
		0.87743709307498308,
		0.0,
		0.63533186864801849,
		0.11999781653669683,
		5.4877785762698785,
		1.0
	],
	"intrinsic" : 
	{
		"height" : 1080,
		"intrinsic_matrix" : 
		[
			935.30743608719376,
			0.0,
			0.0,
			0.0,
			935.30743608719376,
			0.0,
			959.5,
			539.5,
			1.0
		],
		"width" : 1920
	},
	"version_major" : 1,
	"version_minor" : 0
}